Brand,Name,Model / code,Finish,Category,Size,Product link,Needs confirming
Newport Brass,Chesterfield 1.8 GPM Single Hole Pull Down,1030-5103/15S,Satin Nickel,Kitchen faucet,,https://www.build.com/newport-brass-1030-5103/s1316024,
Newport Brass,Chesterfield 4.5 GPM Wall Mounted Single Hole,1030-5503/15S,Satin Nickel,Pot filler,,https://www.build.com/newport-brass-1030-5503/s1452351,
Elkay,"Quartz Classic 33"" Undermount Single Basin Quartz Composite",ELGRU13322WH0C,White,Kitchen sink,"33""",https://www.build.com/elkay-elgru13322c/s1736251,
InSinkErator,Advanced 3/4 HP Continuous Feed Food Waste,79850K-ISE,,Garbage disposal,,,
InSinkErator,Air Switch for Countertop with Dual Outlet,76696,White,Garbage disposal,,,
American Standard,Edgemere 1.2 GPM Widespread Bathroom Faucet with Pop-Up Drain Assembly,7018801.295,Brushed Nickel,Bath faucet,,https://www.build.com/american-standard-7018-801/s1327270,
Pfister,Colfax 1.2 GPM Widespread Bathroom Faucet,LG49-COL0K,Brushed Nickel,Bath faucet,,https://www.build.com/pfister-lg49-col0/s1865100,
Miseno,"Mia Widespread Bathroom Faucet, includes brass push-pop drain assembly",MNO1343LZBN,Brushed Nickel,Bath faucet,,https://www.build.com/miseno-mno1343l/s1903573,
Kohler,Ladena Undermount Bathroom Sink with Overflow,K-2214-0,White,Bath sink,"20-7/8"" x 14-3/8"" x 8-1/8""",https://www.build.com/kohler-k-2214/s560374,
Kohler,"Leap One-Piece Elongated Smart Toilet, Dual Flush",K-28529-0,,Toilet,,https://www.kohler.com/en/products/toilets/shop-toilets/leap-one-piece-elongated-smart-toilet-dual-flush-28529,CONFIRM: spec book links the product page; the card's own model line was not legible in the PDF text.
Toto,MS624124CEFG one-piece toilet,MS624124CEFG,,Toilet,,https://www.build.com/toto-ms624124cefg/s1444488,"CONFIRM: taken from the spec book's product link, not from a printed model line. Ferguson bid B518555 shows TMS624124CEFG01."
Brizo,Invari H2Okinetic Multi-Function Slide Bar Hand Shower,88776-NK,Brilliance Luxe Nickel,Shower system,,https://www.brizo.com/bath/product/88776-NK,
Brizo,"Invari 7-5/8"" H2Okinetic Round Multi-Function Shower Head, 2.5 GPM",87476-NK-2.5,Brilliance Luxe Nickel,Shower system,"7-5/8""",https://www.brizo.com/bath/product/87476-NK-2.5,
Brizo,"Atavis 6.5"" Shower Arm and Flange",RP100762NK,Brilliance Luxe Nickel,Shower system,"6.5""",https://www.brizo.com/bath/product/RP100762NK,
Brizo,Invari Pressure Balance Valve with Integrated 3-Function Diverter Trim,T75P576-NKLHP,Brilliance Luxe Nickel,Shower system,,,
Pfister,Transitional Round 5-Function Shower Head,USH-52SHWK,Brushed Nickel,Shower system,,https://www.pfisterfaucets.com/bathroom/product/transitional-round-ush-52shw-5-function-showerhead,
Pfister,Transitional Round Multi-Function Hand Shower,HSC-05SHWK,Brushed Nickel,Shower system,,,
Pfister,Modern Round Shower Arm and Flange,USC-20SHWK,Brushed Nickel,Shower system,,https://www.pfisterfaucets.com/bathroom/product/modern-round-usc-20shw-shower-arm-flange,
Pfister,Modern Round Slide Bar,HSK-40SHWK,Brushed Nickel,Shower system,,https://www.pfisterfaucets.com/bathroom/product/modern-round-hsk-40shw-slide-bar,
Miseno,"Mia Pressure Balanced Shower System with 2.0 GPM Rain Head, Hand Shower, Slide Bar and Shower Arm",MS-550425-S-SBHS-BN,Brushed Nickel,Shower system,,https://www.build.com/miseno-ms-550425-s-sbhs/s1635132,"Quoted as six parts: MNOSB100ZBN slide bar, MNOSA225ZBN arm, MNOHS570ZBN hand shower, MNOHSH100ZBN hose, MNOSH425HZBN head, MNORWS200ZBN wall supply."
Wyndham Collection,"Rebecca 60"" Free Standing Acrylic Soaking Tub with Center Drain, Drain Assembly and Overflow",WCOBT101460SWTRIM,White / Shiny White Trim,Tub,"60""",https://www.build.com/wyndham-collection-wcobt101460/s1427103,
Brizo,Invari Single-Handle Floor Mount Tub Filler,T70176-NKLHP,Brilliance Luxe Nickel,Tub filler,,https://www.brizo.com/bath/product/T70176-NKLHP,Handle kit HL7076-NK is a separate line.
Infinity Drain,"LTD 5 Center Drain Kit with PVC Drain Body, 2"" Outlet",LTD5-2P SS,Stainless Steel,Shower drain,"5"" x 5""",,
Outdoor Shower Company,"8"" Shower Head Wall Mount Shower",FTA-W52-C,316 Stainless Steel,Outdoor shower,"8""",,316 stainless is the point this close to salt air.
American Standard,"Edgemere 7.25"" Towel Ring",7018190.295,Brushed Nickel,Bath accessories,"7.25""",,
American Standard,Edgemere Tissue Holder,7018230.295,Brushed Nickel,Bath accessories,,https://www.build.com/american-standard-7018-230/s1327269,
Brizo,"24"" Towel Bar",692476-NK,Brilliance Luxe Nickel,Bath accessories,"24""",https://www.brizo.com/bath/product/692476-NK,
Brizo,"8"" Towel Bar",694776-NK,Brilliance Luxe Nickel,Bath accessories,"8""",https://www.brizo.com/bath/product/694776-NK,
Brizo,Tissue Holder,695076-NK,Brilliance Luxe Nickel,Bath accessories,,https://www.brizo.com/bath/product/695076-NK,
Brizo,Robe Hook,693476-NK,Brilliance Luxe Nickel,Bath accessories,,https://www.brizo.com/bath/product/693476-NK,
Pfister,"Universal Traditional 24"" Towel Bar",BTB-UTD2K,Brushed Nickel,Bath accessories,"24""",https://www.pfisterfaucets.com/bathroom/product/universal-traditional-btb-utd2-24-towel-bar,
Pfister,Universal Traditional Tissue Holder,BPH-UTD0K,Brushed Nickel,Bath accessories,,https://www.pfisterfaucets.com/bathroom/product/universal-traditional-bph-utd0-toilet-paper-holder,
Pfister,Universal Traditional Towel Ring,BRB-UTD0K,Brushed Nickel,Bath accessories,,https://www.pfisterfaucets.com/bathroom/product/universal-traditional-brb-utd0-towel-ring,
Pfister,Universal Traditional Robe Hook,BRH-UTD0K,Brushed Nickel,Bath accessories,,https://www.pfisterfaucets.com/bathroom/product/universal-traditional-brh-utd0-robe-hook,
Signature Hardware,"Lexia 24"" Towel Bar",SHLE24TBZBN,Brushed Nickel,Bath accessories,"24""",https://www.signaturehardware.com/lexia-bath-accessory-set/psv-18.html,
Signature Hardware,Lexia Tissue Holder,SHLETHZBN,Brushed Nickel,Bath accessories,,https://www.signaturehardware.com/lexia-bath-accessory-set/psv-18.html,
Signature Hardware,Lexia Robe Hook,SHLERHZBN,Brushed Nickel,Bath accessories,,https://www.signaturehardware.com/lexia-bath-accessory-set/psv-18.html,
Signature Hardware,Lexia Towel Ring,SHLETRZBN,Brushed Nickel,Bath accessories,,https://www.signaturehardware.com/lexia-bath-accessory-set/psv-18.html,
Emtek,"Select L-Square Faceted Leverset, Modern Rectangular Rosette",,Satin Nickel US15,Door hardware,,https://www.emtek.com/all-products/door-hardware/knobs-lever-and-rosettes/leversets/l-square-faceted-leverset/,No model number printed on the spec card - the link carries the configuration.
Emtek,"Modern Rectangular Pocket Door Lock, Passage (also available Privacy)",2108US15,Satin Nickel US15,Door hardware,,,
Emtek,Residential Duty Plain Bearing Hinge,,Stainless Steel,Door hardware,,,No model number printed on the spec card.
Emtek,"Select Transitional Smooth 6"" Appliance Pull",84055.TRAUS15.SMUS15,Satin Nickel,Cabinet hardware,"6""",https://www.emtek.com/all-products/cabinet-hardware/appliance-pulls/select-transitional-smooth-appliance-pull/,
Sietto,"Adjustable CTC 7"" Handle Cabinet Pull with Clear Glass",P-1900-7-SN,Satin Nickel,Cabinet hardware,"7""",,
Alno,"Millennium Luxury Industrial 8"" CTC Solid Brass Back to Back Pull",G950-6-SN,Satin Nickel,Shower door pull,"8"" CTC",https://www.build.com/alno-g950-8/s1529754,CONFIRM: the card reads G950-6-SN but the link beside it is alno-g950-8. One of the two is wrong.
Alno,"Contemporary I Urban Industrial 8"" CTC Back to Back Pulls",G715-8-SN,Satin Nickel,Shower door pull,"8"" CTC",https://www.build.com/alno-g715-8/s1529747,
Trustile,TS3000 Interior Door,TS3000,,Interior door,,https://www.trustile.com/interior-doors/ts-series/ts3000,
Millennium Lighting,"Artistan 18""W Pendant",20901-PN/MW,Polished Nickel / Matte White,Pendant,"18-1/8""W x 18-1/8""D x 13-1/8""H",,
Visual Comfort,Camille Sconce,SK 2016AN-L,Antique Nickel,Sconce,"5.5""W x 19""H",https://www.visualcomfort.com/camille-sconce-sk2016/,
Visual Comfort,Talia Large Chandelier,JN 5112BSL/CG,Brushed Silver Leaf / Clear Glass,Chandelier,"33""W x 24""H",https://www.visualcomfort.com/talia-large-chandelier-jn5112/,
Hinkley Lighting,ADA Integrated Sconce,,,Sconce,"4.75""W x 22.5""H",https://www.build.com/hinkley-lighting-50872/s1764701,CONFIRM: model number was not legible in the PDF text. The link points at Hinkley 50872.
Quorum International,Celeste Single Light Bathroom Sconce,5309-1-65,Satin Nickel,Sconce,"4.75""W x 6.25""D x 19""H",https://www.build.com/quorum-international-5309-1/s1480258,
Modern Forms,"Luzerne 18""H Wall Sconce",WS-30118-BN,Brushed Nickel,Sconce,"4.25""W x 3.5""D x 18""H",https://www.build.com/modern-forms-ws-30118/s1801832,
Shades of Light,Coral Curve Mirror,MW20038 WH,White Plaster,Mirror,"27""W x 34""H",https://www.shadesoflight.com/products/coral-curve-mirror,
Kohler,Essential Rectangular Framed Mirror,K-31366-BNL,Brushed Nickel,Mirror,"28""W x 60""H",https://www.build.com/kohler-k-31366/s1939121,
Robern,Craft Series Framed Wall Mirror,CM2444RC84,Polished Stainless Steel,Mirror,"23-1/4""W x 44-1/4""H",https://www.build.com/robern-cm2444rc/s1930075,
Sherwin Williams,Pure White,SW 7005,,Paint color,,,
Sherwin Williams,High Reflective White,SW 7757,,Paint color,,,
Sherwin Williams,Pearly White,SW 7009,,Paint color,,,
Sherwin Williams,Lakeside,SW 9683,,Paint color,,,
Sherwin Williams,Silver Tipped Sage,SW 9642,,Paint color,,,
Sherwin Williams,White Sand,SW 9582,,Paint color,,,
Mapei,Chamois,5005,,Grout,,,
Mapei,Frost,5077,,Grout,,,
Mapei,Eggshell,5220,,Grout,,,
Mapei,Biscuit,5014,,Grout,,,
